{
	"exact": 83.75305314579298,
	"f1": 86.48611221566631,
	"total": 11873,
	"HasAns_exact": 78.28947368421052,
	"HasAns_f1": 83.76342954396202,
	"HasAns_total": 5928,
	"NoAns_exact": 89.20100925147183,
	"NoAns_f1": 89.20100925147183,
	"NoAns_total": 5945,
	"best_exact": 83.86254527078245,
	"best_exact_thresh": -2.9817447662353516,
	"best_f1": 86.55288623144726,
	"best_f1_thresh": -2.9372379779815674
}
